index,recall_at_k_mean,recall_at_k_std,avg_ms_mean,avg_ms_std,p50_ms_mean,p95_ms_mean,p99_ms_mean
flat_l2,1.0,0.0,2.6015077849999995,0.06039256585687823,2.5329235,2.932725508333333,3.114870653333336
ivf_flat,0.9593333333333334,0.00718021974284601,0.2574150766666667,0.025825117914134596,0.23313891666666667,0.42340445833333334,0.560572625000001
hnsw,0.98,0.004320493798938603,0.13880596999999997,0.0039154970064561,0.12921891666666666,0.2093195,0.2776302233333342
