index,generation_model,exact_match_mean,exact_match_std,f1_mean,f1_std,rouge_l_mean,rouge_l_std,bleu_mean,bleu_std,avg_gen_ms_mean,avg_gen_ms_std,p50_gen_ms_mean,p95_gen_ms_mean,p99_gen_ms_mean
hnsw,gpt-4o-mini,0.030000000000000002,0.011547005383792516,0.2927970290736364,0.02567682053954112,0.29175818722354296,0.026224930833513616,0.24316086728665634,0.019639130397719626,1177.6385679966668,195.44255249114929,1002.2863158333333,1805.5592228666665,3272.4161950016896
