{
  "index": "hnsw",
  "generation_model": "gpt-4o-mini",
  "exact_match_mean": 0.030000000000000002,
  "exact_match_std": 0.011547005383792516,
  "f1_mean": 0.2927970290736364,
  "f1_std": 0.02567682053954112,
  "rouge_l_mean": 0.29175818722354296,
  "rouge_l_std": 0.026224930833513616,
  "bleu_mean": 0.24316086728665634,
  "bleu_std": 0.019639130397719626,
  "avg_gen_ms_mean": 1177.6385679966668,
  "avg_gen_ms_std": 195.44255249114929,
  "p50_gen_ms_mean": 1002.2863158333333,
  "p95_gen_ms_mean": 1805.5592228666665,
  "p99_gen_ms_mean": 3272.4161950016896
}