seed,index,generation_model,exact_match,f1,rouge_l,bleu,avg_gen_ms,p50_gen_ms,p95_gen_ms,p99_gen_ms
11,hnsw,gpt-4o-mini,0.04,0.322840192542371,0.32144484370516174,0.25342275829782657,1350.22455837,1164.6573955,2427.0541521,3179.322328750003
22,hnsw,gpt-4o-mini,0.03,0.2861879524763651,0.2861879524763651,0.2297096938899047,1528.8876625100002,1126.983146,2050.2352180999997,7296.462883660095
33,hnsw,gpt-4o-mini,0.02,0.2526135117723992,0.25113732129620875,0.23609947091198727,1066.77990295,938.8805625,1626.1327232499993,2067.395754670009
44,hnsw,gpt-4o-mini,0.02,0.2964083842761765,0.2964083842761765,0.22917311391871936,1095.5030124700002,933.7715415,1669.8867809499998,2898.4177820900263
55,hnsw,gpt-4o-mini,0.05,0.3248166232038123,0.3248166232038123,0.28256250282500495,1045.84227619,921.4462914999999,1649.4023502999996,2574.5622450000074
66,hnsw,gpt-4o-mini,0.02,0.2739155101706944,0.2705539983835335,0.22799766387649537,978.5939954900001,927.978958,1410.6441125,1618.33617584
